"ボタンのテキスト","ボタンタイプ","ページパス","リンク先アイテム","リンク詳細","ユニーク訪問者数","ユニーククリック数","クリック率"
"メンバー","ボタン","/company","ウェブアドレス","anchors-m9v0lzmn","858","161","18.8%"
"会社概要","ボタン","/company","ウェブアドレス","anchors-m9v0isvc2","858","116","13.5%"
"パートナー","ボタン","/company","ウェブアドレス","anchors-m8vd67wy4","858","71","8.3%"
"採用情報を見る","ボタン","/","ウェブアドレス","採用情報","1,547","66","4.3%"
"会社概要","ボタン","/","ウェブアドレス","会社情報","1,547","64","4.1%"
"CEOインタビュー","ボタン","/","ウェブアドレス","CEOインタビュー","1,547","62","4%"
"募集職種","ボタン","/employment","ウェブアドレス","anchors-m9vkmyey1","294","58","19.7%"
"チーム紹介","ボタン","/","ウェブアドレス","anchors-m9v0lzmn","1,547","55","3.6%"
"Up","ボタン","/","ウェブアドレス","記事","1,547","54","3.5%"
"プロジェクトを見る","ボタン","/project","ウェブアドレス","https://www.elith.ai/project/case-005","335","34","10.1%"
"ボタン","ボタン","/","ウェブアドレス","研究","1,547","30","1.9%"
"会社概要","ボタン","/company","ウェブアドレス","会社情報","858","30","3.5%"
"プロジェクトを見る","ボタン","/project","ウェブアドレス","https://www.elith.ai/project/case-009","335","30","9%"
"お問い合わせ","ボタン","/","ウェブアドレス","お問い合わせフォーム","1,547","29","1.9%"
"News一覧を見る","ボタン","/","ウェブアドレス","https://www.elith.ai/news","1,547","28","1.8%"
"チーム紹介","ボタン","/company","ウェブアドレス","anchors-m9v0lzmn","858","27","3.1%"
"研究・論文実績","ボタン","/tech-research","ウェブアドレス","anchors-mb81o6t04","212","26","12.3%"
"ボタン","ボタン","/","ウェブアドレス","AI開発","1,547","24","1.6%"
"n_a","画像","/company","ウェブアドレス","ホーム","858","23","2.7%"
"メッセージ","ボタン","/employment","ウェブアドレス","anchors-m9vkmydq4","294","22","7.5%"
"採用情報","ボタン","/company","ウェブアドレス","anchors-m9vkmycl","858","22","2.6%"
"AI開発","ボタン","/","ウェブアドレス","AI開発","1,547","20","1.3%"
"ボタン","ボタン","/","ウェブアドレス","共創型ビジネス＆IPライセンス","1,547","18","1.2%"
"プロジェクトを見る","ボタン","/project","ウェブアドレス","https://www.elith.ai/project/case-008","335","18","5.4%"
"Wantedlyを見る","ボタン","/employment","ウェブアドレス","https://www.wantedly.com/companies/company_2668520","294","18","6.1%"
"記事を読む","ボタン","/ai-development","ウェブアドレス","JFEエンジニアリング株式会社","260","18","6.9%"
"プロジェクトを見る","ボタン","/project","ウェブアドレス","https://www.elith.ai/project/case-006","335","17","5.1%"
"機械学習分野最高峰の国際会議「ICLR2025」workshopにて論文採択","テキストリンク","/","ウェブアドレス","https://www.elith.ai/news/elith、機械学習分野最高峰の国際会議「iclr-2025」のワークショップにて論文採択","1,547","17","1.1%"
"研究","ボタン","/company","ウェブアドレス","研究","858","17","2%"
"選ばれる理由","ボタン","/ai-development","ウェブアドレス","anchors-mbi2pee01","260","16","6.2%"
"プロジェクトを見る","ボタン","/project","ウェブアドレス","https://www.elith.ai/project/case-002","335","15","4.5%"
"AI開発","ボタン","/company","ウェブアドレス","AI開発","858","15","1.7%"
"事例を見る","ボタン","/co-creation","ウェブアドレス","https://www.elith.ai/news/東大-松尾研発スタートアップ®の株式会社elith-と株式会社ニューテックが協業を開始","103","14","13.6%"
"採用情報","ボタン","/","ウェブアドレス","anchors-m9vkmycl","1,547","13","0.8%"
"働く環境","ボタン","/employment","ウェブアドレス","anchors-m9vkmydq4","294","12","4.1%"
"採用情報を見る","ボタン","/ceo-interview","ウェブアドレス","採用情報","146","12","8.2%"
"n_a","画像","/","ウェブアドレス","ホーム","1,547","11","0.7%"
"ICLR2025 Workshop","ボタン","/tech-research","ウェブアドレス","https://openreview.net/forum?id=5XNYu4rBe4","212","11","5.2%"
"Elithの注力技術","ボタン","/ai-development","ウェブアドレス","anchors-mbi2pefv4","260","11","4.2%"
"お問い合わせ","ボタン","/company","ウェブアドレス","お問い合わせフォーム","858","11","1.3%"
"Mission / Vision / Value","ボタン","/","ウェブアドレス","自動スクロール","1,547","11","0.7%"
"採用情報","ボタン","/employment","ウェブアドレス","anchors-m9vkmycl","294","10","3.4%"
"Mission / Vision / Value","ボタン","/company","ウェブアドレス","自動スクロール","858","10","1.2%"
"Up","ボタン","/","ウェブアドレス","ホーム","1,547","10","0.6%"
"​ケーススタディ","ボタン","/ai-development","ウェブアドレス","anchors-mbycteyc5","260","10","3.8%"
"応募フォームへ進む","ボタン","/employment","ウェブアドレス","採用応募フォーム","294","10","3.4%"
"Client","ボタン","/ai-development","ウェブアドレス","anchors-mbyccykz3","260","9","3.5%"
"プロジェクトを見る","ボタン","/project","ウェブアドレス","https://www.elith.ai/project/case-001","335","9","2.7%"
"事例を見る","ボタン","/co-creation","ウェブアドレス","https://www.elith.ai/news/株式会社キャピタル・アセット・プランニングとelithが業務提携を締結","103","9","8.7%"
"働く環境","ボタン","/employment","ウェブアドレス","anchors-m9vkmyi81","294","9","3.1%"
"プロジェクトを見る","ボタン","/project","ウェブアドレス","https://www.elith.ai/project/case-010","335","9","2.7%"
"エントリーする","ボタン","/employment","ウェブアドレス","anchors-m9vo6x6u","294","9","3.1%"
"研究","ボタン","/","ウェブアドレス","研究","1,547","9","0.6%"
"チーム紹介","ボタン","/employment","ウェブアドレス","anchors-m9v0lzmn","294","9","3.1%"
"共創型ビジネス＆IPライセンス","ボタン","/","ウェブアドレス","共創型ビジネス＆IPライセンス","1,547","9","0.6%"
"Up","ボタン","/","ウェブアドレス","自動スクロール","1,547","8","0.5%"
"1-Elith-Logo-Green.png","画像","/contact","ウェブアドレス","ホーム","158","8","5.1%"
"もっと見る","ボタン","/news","ウェブアドレス","自動スクロール","131","8","6.1%"
"zenn","ボタン","/","ウェブアドレス","https://zenn.dev/p/elith","1,547","8","0.5%"
"zenn","ボタン","/company","ウェブアドレス","https://zenn.dev/p/elith","858","8","0.9%"
"プロジェクトを見る","ボタン","/project","ウェブアドレス","https://www.elith.ai/project/case-003","335","8","2.4%"
"共創とIPライセンスとは","ボタン","/co-creation","ウェブアドレス","anchors-mc94x6ja1","103","7","6.8%"
"プロジェクトを見る","ボタン","/project","ウェブアドレス","https://www.elith.ai/project/case-004","335","7","2.1%"
"特許情報","ボタン","/tech-research","ウェブアドレス","anchors-mb95g4203","212","7","3.3%"
"プロジェクトを見る","ボタン","/project","ウェブアドレス","https://www.elith.ai/project/case-007","335","7","2.1%"
"アクセス","ボタン","/company","ウェブアドレス","anchors-m9v0dos9","858","7","0.8%"
"応募フォームへ","ボタン","/employment","ウェブアドレス","採用応募フォーム","294","6","2%"
"AI開発","ボタン","/tech-research","ウェブアドレス","AI開発","212","6","2.8%"
"共創型ビジネス＆IPライセンス","ボタン","/ai-development","ウェブアドレス","共創型ビジネス＆IPライセンス","260","6","2.3%"
"開発プロセス","ボタン","/ai-development","ウェブアドレス","anchors-mb8nlvtg4","260","6","2.3%"
"チーム紹介","ボタン","/project","ウェブアドレス","anchors-m9v0lzmn","335","6","1.8%"
"採用フロー","ボタン","/employment","ウェブアドレス","anchors-mhbdfzq81","294","6","2%"
"プライバシーポリシー","ボタン","/company","ウェブアドレス","プライバシーポリシー","858","6","0.7%"
"事例を見る","ボタン","/co-creation","ウェブアドレス","https://www.elith.ai/news/elithはrecovery-international株式会社様と業務提携いたしました","103","6","5.8%"
"会社概要","ボタン","/employment","ウェブアドレス","会社情報","294","6","2%"
"チーム紹介","ボタン","/ceo-interview","ウェブアドレス","anchors-m9v0lzmn","146","6","4.1%"
"事例を見る","ボタン","/co-creation","ウェブアドレス","https://www.elith.ai/news/ai6株式会社とelithが業務提携を締結","103","6","5.8%"
"n_a","画像","/ceo-interview","ウェブアドレス","ホーム","146","6","4.1%"
"記事を読む","ボタン","/ai-development","ウェブアドレス","Recovery International株式会社","260","6","2.3%"
"技術ブログ","ボタン","/tech-research","ウェブアドレス","anchors-mb8z0xaz2","212","6","2.8%"
"n_a","画像","/tech-research","ウェブアドレス","ホーム","212","5","2.4%"
"書籍・執筆","ボタン","/tech-research","ウェブアドレス","anchors-mb95fpkk3","212","5","2.4%"
"研究","ボタン","/ai-development","ウェブアドレス","研究","260","5","1.9%"
"チーム紹介","ボタン","/co-creation","ウェブアドレス","anchors-m9v0lzmn","103","5","4.9%"
"会社概要","ボタン","/ceo-interview","ウェブアドレス","会社情報","146","5","3.4%"
"zenn","ボタン","/ai-development","ウェブアドレス","https://zenn.dev/p/elith","260","5","1.9%"
"n_a","画像","/ai-development","ウェブアドレス","ホーム","260","5","1.9%"
"https://atma.connpass.com/event/376672/","テキストリンク","/post/株式会社elith、atma株式会社と共同で「第21回-atmacup」を開催","ウェブアドレス","https://atma.connpass.com/event/376672/","42","5","11.9%"
"エントリー","ボタン","/employment","ウェブアドレス","anchors-m9vo6x6u","294","5","1.7%"
"note","ボタン","/company","ウェブアドレス","https://note.com/elith","858","5","0.6%"
"会社概要","ボタン","/project","ウェブアドレス","会社情報","335","5","1.5%"
"CONTACT","ボタン","/company","ウェブアドレス","お問い合わせフォーム","858","5","0.6%"
"About MU LABs","ボタン","/tech-research","ウェブアドレス","anchors-mb95egsl3","212","4","1.9%"
"お問い合わせ","ボタン","/employment","ウェブアドレス","お問い合わせフォーム","294","4","1.4%"
"https://www.guruguru.science/","テキストリンク","/post/株式会社elith、atma株式会社と共同で「第21回-atmacup」を開催","ウェブアドレス","https://www.guruguru.science/","42","4","9.5%"
"CEOインタビューを読む","ボタン","/employment","ウェブアドレス","CEOインタビュー","294","4","1.4%"
"n_a","画像","/news","ウェブアドレス","ホーム","131","4","3.1%"
"共創型ビジネス＆IPライセンス","ボタン","/tech-research","ウェブアドレス","共創型ビジネス＆IPライセンス","212","4","1.9%"
"note","ボタン","/","ウェブアドレス","https://note.com/elith","1,547","4","0.3%"
"X","ボタン","/","ウェブアドレス","https://x.com/elith_pr","1,547","4","0.3%"
"共創型ビジネス＆IPライセンス","ボタン","/company","ウェブアドレス","共創型ビジネス＆IPライセンス","858","4","0.5%"
"詳細ページ","テキストリンク","/news/東大-松尾研発スタートアップ®の株式会社elith-と株式会社ニューテックが協業を開始","ウェブアドレス","https://prtimes.jp/main/html/searchrlp/company_id/121022","15","4","26.7%"
"n_a","画像","/employment","ウェブアドレス","ホーム","294","4","1.4%"
"https://openreview.net/forum?id=5XNYu4rBe4","テキストリンク","/news/elith、機械学習分野最高峰の国際会議「iclr-2025」のワークショップにて論文採択","ウェブアドレス","https://openreview.net/forum?id=5XNYu4rBe4","30","3","10%"
"チーム紹介","ボタン","/ai-development","ウェブアドレス","anchors-m9v0lzmn","260","3","1.2%"
"セミナー・講演","ボタン","/tech-research","ウェブアドレス","anchors-mb8nlvtg4","212","3","1.4%"
"会社概要","ボタン","/ai-development","ウェブアドレス","会社情報","260","3","1.2%"
"採用応募フォーム","テキストリンク","/employment","ウェブアドレス","https://www.elith.ai/entry","294","3","1%"
"CONTACT","ボタン","/","ウェブアドレス","お問い合わせフォーム","1,547","3","0.2%"
"TikTok","ボタン","/company","ウェブアドレス","https://www.tiktok.com/@elith892","858","3","0.3%"
"採用エントリー.png","画像","/employment","ウェブアドレス","anchors-m9vo6x6u","294","3","1%"
"n_a","画像","/tech-research","ウェブアドレス","https://openreview.net/forum?id=5XNYu4rBe4","212","3","1.4%"
"IMG_9942.JPG","画像","/news","ウェブアドレス","https://www.elith.ai/news/ceo井上が「aiグランプリ2025春」にて最優秀賞を受賞しました","131","3","2.3%"
"Mission / Vision / Value","ボタン","/co-creation","ウェブアドレス","自動スクロール","103","3","2.9%"
"PRTIMES","ボタン","/company","ウェブアドレス","https://prtimes.jp/main/html/searchrlp/company_id/121022","858","3","0.3%"
"n_a","画像","/project","ウェブアドレス","ホーム","335","3","0.9%"
"プライバシーポリシー","ボタン","/cookiepolicy","ウェブアドレス","プライバシーポリシー","21","3","14.3%"
"Youtube","ボタン","/ceo-interview","ウェブアドレス","https://www.youtube.com/channel/UCsZEwtNmJixTNtSHfYtWIZQ","146","3","2.1%"
"​ミーティング予約","テキストリンク","/company","ウェブアドレス","https://www.elith.ai/booking","858","2","0.2%"
"こちら","テキストリンク","/cookiepolicy","ウェブアドレス","https://www.elith.ai/contact","21","2","9.5%"
"学会参加報告 in IEEE ITSC2024","テキストリンク","/tech-research","ウェブアドレス","https://zenn.dev/elith/articles/26322f8675e474","212","2","0.9%"
"TikTok","ボタン","/ceo-interview","ウェブアドレス","https://www.tiktok.com/@elith892","146","2","1.4%"
"NEWS","ボタン","/company","ウェブアドレス","https://www.elith.ai/news","858","2","0.2%"
"Elithを選ばれた理由について教えてください","テキストリンク","/interview01","ウェブアドレス","https://www.elith.ai/interview01","25","2","8%"
"詳細ページ","テキストリンク","/news/ai6株式会社とelithが業務提携を締結","ウェブアドレス","https://prtimes.jp/main/html/rd/p/000000049.000121022.html","8","2","25%"
"共創事例紹介","ボタン","/co-creation","ウェブアドレス","anchors-mc94x6qu4","103","2","1.9%"
"zennで記事を読む","ボタン","/tech-research","ウェブアドレス","https://zenn.dev/p/elith","212","2","0.9%"
"n_a","画像","/co-creation","ウェブアドレス","ホーム","103","2","1.9%"
"メリット・特徴","ボタン","/co-creation","ウェブアドレス","anchors-mcs190a5","103","2","1.9%"
"AI開発","ボタン","/project/case-009","ウェブアドレス","AI開発","32","2","6.3%"
"https://elith.connpass.com/event/376596/","テキストリンク","/post/【ai-防衛】「robotics-x-defense-tech」ウェビナーを11月28日に開催","ウェブアドレス","https://elith.connpass.com/event/376596/","20","2","10%"
"n_a","画像","/tech-research","ウェブアドレス","https://openaccess.thecvf.com/content/CVPR2024W/WAD/html/Shimomura_Potential_Risk_Localization_via_Weak_Labeling_out_of_Blind_Spot_CVPRW_2024_paper.html","212","2","0.9%"
"研究","ボタン","/employment","ウェブアドレス","研究","294","2","0.7%"
"NEWS","ボタン","/ai-development","ウェブアドレス","https://www.elith.ai/news","260","2","0.8%"
"CONTACT","ボタン","/news","ウェブアドレス","お問い合わせフォーム","131","2","1.5%"
"採用情報","ボタン","/tech-research","ウェブアドレス","anchors-m9vkmycl","212","2","0.9%"
"研究","ボタン","/news","ウェブアドレス","研究","131","2","1.5%"
"https://aismiley.co.jp/company_news/20251118_webinar/","テキストリンク","/post/株式会社elith-ceo-cto-井上顧基が、aiデータ戦略ウェビナーに登壇","ウェブアドレス","https://aismiley.co.jp/company_news/20251118_webinar/","20","2","10%"
"プライバシーポリシー","ボタン","/","ウェブアドレス","プライバシーポリシー","1,547","2","0.1%"
"fdb78e_5ce756906cd2420aa9094f8bbb6255e4~mv2.webp","画像","/tech-research","ウェブアドレス","https://note.com/elith/n/n86596fee2a1a","212","2","0.9%"
"zenn","ボタン","/tech-research","ウェブアドレス","https://zenn.dev/p/elith","212","2","0.9%"
"採用情報","ボタン","/ai-development","ウェブアドレス","anchors-m9vkmycl","260","2","0.8%"
"記事を読む","ボタン","/interview01","ウェブアドレス","JFEエンジニアリング株式会社","25","2","8%"
"X","ボタン","/employment","ウェブアドレス","https://x.com/elith_pr","294","2","0.7%"
"やさしく学ぶLLMエージェント: 基本からマルチエージェント構築まで","テキストリンク","/tech-research","ウェブアドレス","https://www.amazon.co.jp/やさしく学ぶLLMエージェント-基本からマルチエージェント構築まで-井上-顧基/dp/4274233162/ref=sr_1_1?__mk_ja_JP=カタカナ&crid=13RJOII4SOIZ4&dib=eyJ2IjoiMSJ9.aQOTKD3-HshgyzkEF9vaLkbCM9ZMpMYz-RJaBVSuoL0n_109RHHaKOqtot5nBKu3eSvhlGbOF8GSIkUqQdlfkZteC4j45P5SlvQ7yLejU2kQ05g8BxXFwNoy_Dn4vctHjPassVuLX2Xpb_srIWOEcw.ytOIlh1u4XJHFnWx2H4K1fV54oIEiPVWU3_JRDyVPGg&dib_tag=se&keywords=井上顧基&qid=1738041232&s=digital-text&sprefix=井上顧基,digital-text,191&sr=1-1-catcorr","212","2","0.9%"
"クッキーポリシー","ボタン","/cookiepolicy","ウェブアドレス","Cookie（クッキー）ポリシー","21","2","9.5%"
"研究","ボタン","/ceo-interview","ウェブアドレス","研究","146","2","1.4%"
"Contact","ボタン","/ai-development","ウェブアドレス","anchors-mb95g4203","260","2","0.8%"
"Connpass","ボタン","/company","ウェブアドレス","https://elith.connpass.com","858","2","0.2%"
"1-Elith-Logo-Green.png","画像","/booking","ウェブアドレス","ホーム","23","2","8.7%"
"AIの性能と安全性を両立するAIデータ戦略ウェビナー .png","画像","/","ウェブアドレス","https://ai.aismiley.co.jp/form/20251118webinar","1,547","2","0.1%"
"Youtube","ボタン","/","ウェブアドレス","https://www.youtube.com/channel/UCsZEwtNmJixTNtSHfYtWIZQ","1,547","2","0.1%"
"採用情報を見る","ボタン","/employment","ウェブアドレス","採用情報","294","2","0.7%"
"Top","ボタン","/company","ウェブアドレス","トップに戻る","858","2","0.2%"
"記事を読む","ボタン","/ai-development","ウェブアドレス","株式会社 RYODEN","260","2","0.8%"
"https://www.elith.co.jp/interview03","テキストリンク","/post/【事例紹介】株式会社ryoden様とのai活用事例を公開しました","ウェブアドレス","https://www.elith.co.jp/interview03","10","2","20%"
"一覧を見る","ボタン","/tech-research","ウェブアドレス","https://elith.connpass.com","212","2","0.9%"
"CEOインタビュー","ボタン","/employment","ウェブアドレス","CEOインタビュー","294","2","0.7%"
"X","ボタン","/ceo-interview","ウェブアドレス","https://x.com/elith_pr","146","1","0.7%"
"n_a","画像","/tech-research","ウェブアドレス","https://zenn.dev/elith/articles/d21b97f52a7ab8","212","1","0.5%"
"AI開発","ボタン","/project/case-002","ウェブアドレス","AI開発","16","1","6.3%"
"採用情報","ボタン","/project/case-006","ウェブアドレス","anchors-m9vkmycl","20","1","5%"
"CONTACT","ボタン","/cookiepolicy","ウェブアドレス","お問い合わせフォーム","21","1","4.8%"
"会社概要","ボタン","/project/case-002","ウェブアドレス","会社情報","16","1","6.3%"
"Top","ボタン","/","ウェブアドレス","トップに戻る","1,547","1","0.1%"
"n_a","画像","/project/case-007","ウェブアドレス","ホーム","9","1","11.1%"
"JDLA Generative AI Test 2024","テキストリンク","/tech-research","ウェブアドレス","https://www.elith.co.jp/news/cto井上が「jdla-generative-ai-test」オンライン説明会に登壇","212","1","0.5%"
"AI開発","ボタン","/employment","ウェブアドレス","AI開発","294","1","0.3%"
"zenn","ボタン","/co-creation","ウェブアドレス","https://zenn.dev/p/elith","103","1","1%"
"Mission / Vision / Value","ボタン","/project/case-005","ウェブアドレス","自動スクロール","35","1","2.9%"
"会社概要","ボタン","/project/case-005","ウェブアドレス","会社情報","35","1","2.9%"
"採用フロー","ボタン","/","ウェブアドレス","anchors-mhbdfzq81","1,547","1","0.1%"
"チーム紹介","ボタン","/post/株式会社elith、生成ai品質評価プラットフォーム「genflux」を正式リリース","ウェブアドレス","anchors-m9v0lzmn","50","1","2%"
"n_a","画像","/tech-research","ウェブアドレス","https://elith.connpass.com/event/325554/","212","1","0.5%"
"Mission / Vision / Value","ボタン","/project","ウェブアドレス","自動スクロール","335","1","0.3%"
"n_a","画像","/tech-research","ウェブアドレス","https://zenn.dev/elith/articles/26322f8675e474","212","1","0.5%"
"お問い合わせ","テキストリンク","/post/株式会社elith、生成ai品質評価プラットフォーム「genflux」を正式リリース","ウェブアドレス","https://www.elith.co.jp/contact","50","1","2%"
"https://creator-square.connpass.com/event/347688/","テキストリンク","/news/ceo井上が「aiグランプリ2025春」にて最優秀賞を受賞しました","ウェブアドレス","https://creator-square.connpass.com/event/347688/","4","1","25%"
"zenn","ボタン","/project/case-005","ウェブアドレス","https://zenn.dev/p/elith","35","1","2.9%"
"X","ボタン","/company","ウェブアドレス","https://x.com/elith_pr","858","1","0.1%"
"採用情報","ボタン","/ceo-interview","ウェブアドレス","anchors-m9vkmycl","146","1","0.7%"
"fdb78e_f4c5367e4b404a539f215fbe046b1c15~mv2.png","画像","/tech-research","ウェブアドレス","https://zenn.dev/elith/articles/1909a7aa8be8fa","212","1","0.5%"
"note","ボタン","/tech-research","ウェブアドレス","https://note.com/elith","212","1","0.5%"
"fdb78e_c6edc5bc701d4104b737a4bae537ab24~mv2.webp","画像","/tech-research","ウェブアドレス","https://note.com/elith/n/n9ea1e6ddc9b5","212","1","0.5%"
"n_a","画像","/blog/categories/press","ウェブアドレス","ホーム","2","1","50%"
"共創型ビジネス＆IPライセンス","ボタン","/employment","ウェブアドレス","共創型ビジネス＆IPライセンス","294","1","0.3%"
"NEWS","ボタン","/cookiepolicy","ウェブアドレス","https://www.elith.ai/news","21","1","4.8%"
"1-Elith-Logo-Green.png","画像","/entry","ウェブアドレス","ホーム","38","1","2.6%"
"会社概要","ボタン","/co-creation","ウェブアドレス","会社情報","103","1","1%"
"zenn","ボタン","/ceo-interview","ウェブアドレス","https://zenn.dev/p/elith","146","1","0.7%"
"68747470733a2f2f6869726f6b617473756b6174616f6b6131362e6769746875622e696f2f435650522d323032.jpeg","画像","/news","ウェブアドレス","https://www.elith.ai/news/elithの下村がcvpr2024のworkshop-on-autonomous-driving に採択されました","131","1","0.8%"
"Podcast","ボタン","/company","ウェブアドレス","https://open.spotify.com/show/0421uEFyjHczy2ycGDMTve","858","1","0.1%"
"X","ボタン","/news","ウェブアドレス","https://x.com/elith_pr","131","1","0.8%"
"n_a","画像","/post/株式会社elith、生成ai品質評価プラットフォーム「genflux」を正式リリース","ウェブアドレス","ホーム","50","1","2%"
"Podcast","ボタン","/ai-development","ウェブアドレス","https://open.spotify.com/show/0421uEFyjHczy2ycGDMTve","260","1","0.4%"
"採用情報","ボタン","/project","ウェブアドレス","anchors-m9vkmycl","335","1","0.3%"
"n_a","画像","/tech-research","ウェブアドレス","https://its.papercept.net/conferences/scripts/abstract.pl?ConfID=87&Number=419","212","1","0.5%"
"PRTIMES","ボタン","/ai-development","ウェブアドレス","https://prtimes.jp/main/html/searchrlp/company_id/121022","260","1","0.4%"
"Connpass","ボタン","/project","ウェブアドレス","https://elith.connpass.com","335","1","0.3%"
"Elithの注力技術","ボタン","/tech-research","ウェブアドレス","anchors-mbi2pefv4","212","1","0.5%"
"会社概要","ボタン","/news/ai6株式会社とelithが業務提携を締結","ウェブアドレス","会社情報","8","1","12.5%"
"チーム紹介","ボタン","/tech-research","ウェブアドレス","anchors-m9v0lzmn","212","1","0.5%"
"プライバシーポリシー","ボタン","/employment","ウェブアドレス","プライバシーポリシー","294","1","0.3%"
"CVPR2024 Workshop","ボタン","/tech-research","ウェブアドレス","https://openaccess.thecvf.com/content/CVPR2024W/WAD/html/Shimomura_Potential_Risk_Localization_via_Weak_Labeling_out_of_Blind_Spot_CVPRW_2024_paper.html","212","1","0.5%"
"CONTACT","ボタン","/project","ウェブアドレス","お問い合わせフォーム","335","1","0.3%"
"note","ボタン","/ceo-interview","ウェブアドレス","https://note.com/elith","146","1","0.7%"
"n_a","画像","/tech-research","ウェブアドレス","https://www.elith.co.jp/news/cto井上が「jdla-generative-ai-test」オンライン説明会に登壇","212","1","0.5%"
"スクリーンショット 2024-02-22 10.48.37.png","画像","/news","ウェブアドレス","https://www.elith.ai/news/株式会社elithを設立しました。","131","1","0.8%"
"https://wandb.ai/site/resources/events/fully-connected/tokyo/","テキストリンク","/post/株式会社elith、「fully-connected-tokyo-2025」に出展＆登壇します","ウェブアドレス","https://wandb.ai/site/resources/events/fully-connected/tokyo/","15","1","6.7%"
"エントリーする","ボタン","/employment","ウェブアドレス","採用応募フォーム","294","1","0.3%"
"AI開発","ボタン","/co-creation","ウェブアドレス","AI開発","103","1","1%"
"詳細ページ","テキストリンク","/news/株式会社キャピタル・アセット・プランニングとelithが業務提携を締結","ウェブアドレス","https://prtimes.jp/main/html/rd/p/000000050.000121022.html","9","1","11.1%"
"お問い合わせ","ボタン","/ai-development","ウェブアドレス","お問い合わせフォーム","260","1","0.4%"
"n_a","画像","/post/株式会社elith、atma株式会社と共同で「第21回-atmacup」を開催","ウェブアドレス","ホーム","42","1","2.4%"
"note","ボタン","/project/case-008","ウェブアドレス","https://note.com/elith","20","1","5%"
"< Back","ボタン","/news/aiソリューションページを公開しました。","ウェブアドレス","https://www.elith.ai/news","2","1","50%"
"Podcast","ボタン","/ceo-interview","ウェブアドレス","https://open.spotify.com/show/0421uEFyjHczy2ycGDMTve","146","1","0.7%"
"SHUWAI","テキストリンク","/news/手話を音声に変換するサービス「shuwai」のコンセプトやデモを紹介するページをリリースしました。","ウェブアドレス","https://shuwai.elith.jp/","1","1","100%"
"Mission / Vision / Value","ボタン","/ai-development","ウェブアドレス","自動スクロール","260","1","0.4%"
"n_a","画像","/tech-research","ウェブアドレス","https://www.elith.co.jp/news/日本音響学会にてcto井上が発表しました","212","1","0.5%"
"会社概要","ボタン","/post/株式会社elith、生成ai品質評価プラットフォーム「genflux」を正式リリース","ウェブアドレス","会社情報","50","1","2%"
"Read More","ボタン","/news","ウェブアドレス","https://www.elith.ai/news/ceo井上が「aiグランプリ2025春」にて最優秀賞を受賞しました","131","1","0.8%"
"n_a","画像","/post/【ai-防衛】「robotics-x-defense-tech」ウェビナーを11月28日に開催","ウェブアドレス","ホーム","20","1","5%"
"PRTIMES","ボタン","/employment","ウェブアドレス","https://prtimes.jp/main/html/searchrlp/company_id/121022","294","1","0.3%"
"Youtube","ボタン","/project","ウェブアドレス","https://www.youtube.com/channel/UCsZEwtNmJixTNtSHfYtWIZQ","335","1","0.3%"
"Youtube","ボタン","/ai-development","ウェブアドレス","https://www.youtube.com/channel/UCsZEwtNmJixTNtSHfYtWIZQ","260","1","0.4%"
"共創型ビジネス＆IPライセンス","ボタン","/news","ウェブアドレス","共創型ビジネス＆IPライセンス","131","1","0.8%"
"https://www.elith.co.jp/interview01","テキストリンク","/post/【事例紹介】jfeエンジニアリング様とのai活用事例を公開しました","ウェブアドレス","https://www.elith.co.jp/interview01","4","1","25%"
"お問い合わせ","ボタン","/project","ウェブアドレス","お問い合わせフォーム","335","1","0.3%"
"zenn","ボタン","/employment","ウェブアドレス","https://zenn.dev/p/elith","294","1","0.3%"
"お問い合わせ","ボタン","/tech-research","ウェブアドレス","お問い合わせフォーム","212","1","0.5%"
"AI開発","ボタン","/project/case-005","ウェブアドレス","AI開発","35","1","2.9%"
"共創型ビジネス＆IPライセンス","ボタン","/interview01","ウェブアドレス","共創型ビジネス＆IPライセンス","25","1","4%"
"Youtube","ボタン","/news","ウェブアドレス","https://www.youtube.com/channel/UCsZEwtNmJixTNtSHfYtWIZQ","131","1","0.8%"
"働く環境","ボタン","/","ウェブアドレス","anchors-m9vkmydq4","1,547","1","0.1%"
"TikTok","ボタン","/","ウェブアドレス","https://www.tiktok.com/@elith892","1,547","1","0.1%"
"採用情報","ボタン","/cookiepolicy","ウェブアドレス","anchors-m9vkmycl","21","1","4.8%"
"NEWS","ボタン","/project","ウェブアドレス","https://www.elith.ai/news","335","1","0.3%"
"研究","ボタン","/post/ceo-cto井上がjfeエンジニアリング労働組合様に向けて登壇","ウェブアドレス","研究","5","1","20%"
"note","ボタン","/ai-development","ウェブアドレス","https://note.com/elith","260","1","0.4%"
"共創型ビジネス＆IPライセンス","ボタン","/co-creation","ウェブアドレス","共創型ビジネス＆IPライセンス","103","1","1%"
"n_a","画像","/project/case-005","ウェブアドレス","ホーム","35","1","2.9%"
"IMG_9942.JPG","画像","/news/ceo井上が「aiグランプリ2025春」にて最優秀賞を受賞しました","ウェブアドレス","https://www.elith.ai/news/ceo井上が「aiグランプリ2025春」にて最優秀賞を受賞しました","4","1","25%"
"https://meettaipei.tw/jp","テキストリンク","/post/elith、「meet-taipei-2025」に出展-アジア市場での事業拡大を加速","ウェブアドレス","https://meettaipei.tw/jp","19","1","5.3%"
"TikTok","ボタン","/ai-development","ウェブアドレス","https://www.tiktok.com/@elith892","260","1","0.4%"
"Mission / Vision / Value","ボタン","/news","ウェブアドレス","自動スクロール","131","1","0.8%"
"PRTIMES","ボタン","/project","ウェブアドレス","https://prtimes.jp/main/html/searchrlp/company_id/121022","335","1","0.3%"
"AI開発","ボタン","/ai-development","ウェブアドレス","AI開発","260","1","0.4%"
"https://www.elith.co.jp/interview02","テキストリンク","/post/【導入事例紹介】recovery-international様とのai導入事例を公開しました","ウェブアドレス","https://www.elith.co.jp/interview02","1","1","100%"
"n_a","画像","/tech-research","ウェブアドレス","https://elith.connpass.com/event/338512/","212","1","0.5%"
"～生成AI業界のトップランナーが語る～","テキストリンク","/tech-research","ウェブアドレス","https://www.elith.co.jp/news/jdla主催のオンラインイベントにceo若林とcto井上が登壇しました","212","1","0.5%"
"note","ボタン","/employment","ウェブアドレス","https://note.com/elith","294","1","0.3%"
"詳細","テキストリンク","/news/japan-mobility-show-bizweek-2024にてフジテレビから取材を受けました！","ウェブアドレス","https://www.fnn.jp/articles/-/773699","3","1","33.3%"
"共創型ビジネス＆IPライセンス","ボタン","/interview02","ウェブアドレス","共創型ビジネス＆IPライセンス","8","1","12.5%"
"NEWS","ボタン","/tech-research","ウェブアドレス","https://www.elith.ai/news","212","1","0.5%"
"AI開発","ボタン","/project/case-008","ウェブアドレス","AI開発","20","1","5%"
"AI開発","ボタン","/project/case-003","ウェブアドレス","AI開発","9","1","11.1%"
"note","ボタン","/project","ウェブアドレス","https://note.com/elith","335","1","0.3%"
"研究","ボタン","/project","ウェブアドレス","研究","335","1","0.3%"
"チーム紹介","ボタン","/news","ウェブアドレス","anchors-m9v0lzmn","131","1","0.8%"
"生成AI活用大全集","テキストリンク","/tech-research","ウェブアドレス","https://www.elith.co.jp/news/日経linux-2023年9月号　大規模言語モデル(llm)特集へ記事寄稿","212","1","0.5%"
"クッキーポリシー","ボタン","/","ウェブアドレス","Cookie（クッキー）ポリシー","1,547","1","0.1%"
"NEWS","ボタン","/employment","ウェブアドレス","https://www.elith.ai/news","294","1","0.3%"
"Youtube","ボタン","/company","ウェブアドレス","https://www.youtube.com/channel/UCsZEwtNmJixTNtSHfYtWIZQ","858","1","0.1%"
"AAPM 2023","ボタン","/tech-research","ウェブアドレス","https://aapm.confex.com/aapm/2023am/meetingapp.cgi/Paper/3715","212","1","0.5%"
"はじめての大規模言語モデル Transformerから並列化まで","テキストリンク","/tech-research","ウェブアドレス","https://techbookfest.org/product/cQnGqwxBvym7b6cmbq5Dw5?productVariantID=4nUQAWtQyXiiyA6eSu8L8k","212","1","0.5%"
"プロジェクトを見る","ボタン","/project/case-010","ウェブアドレス","https://www.elith.ai/project/case-010","10","1","10%"
"zenn","ボタン","/project","ウェブアドレス","https://zenn.dev/p/elith","335","1","0.3%"
"​ミーティング予約","テキストリンク","/ai-development","ウェブアドレス","https://www.elith.ai/booking","260","1","0.4%"
"お問い合わせ","ボタン","/news","ウェブアドレス","お問い合わせフォーム","131","1","0.8%"
"研究","ボタン","/tech-research","ウェブアドレス","研究","212","1","0.5%"
"成果や効果について教えてください","テキストリンク","/interview01","ウェブアドレス","https://www.elith.ai/interview01","25","1","4%"
"n_a","画像","/news/株式会社キャピタル・アセット・プランニングとelithが業務提携を締結","ウェブアドレス","ホーム","9","1","11.1%"
"PRTIMES","ボタン","/","ウェブアドレス","https://prtimes.jp/main/html/searchrlp/company_id/121022","1,547","1","0.1%"
"Next in LLM 〜大規模言語モデルの研究トレンドから未来を考える〜 #4","テキストリンク","/tech-research","ウェブアドレス","https://elith.connpass.com/event/322883/","212","1","0.5%"
"Linuxだからできること","テキストリンク","/tech-research","ウェブアドレス","https://www.elith.co.jp/news/日経linuxの大規模言語モデル(llm)特集へllmを用いた生成エージェントについての記事を寄稿","212","1","0.5%"
"X","ボタン","/ai-development","ウェブアドレス","https://x.com/elith_pr","260","1","0.4%"
"実務レベルでわかる/使いこなせるようになるGit入門コマンドライン演習80","テキストリンク","/tech-research","ウェブアドレス","https://www.amazon.co.jp/実務レベルでわかる-使いこなせるようになるGit入門コマンドライン演習80-井上顧基/dp/4798066338","212","1","0.5%"
"Previous","ボタン","/news/株式会社キャピタル・アセット・プランニングとelithが業務提携を締結","ウェブアドレス","自動スクロール","9","1","11.1%"
"Mission / Vision / Value","ボタン","/employment","ウェブアドレス","自動スクロール","294","1","0.3%"
"会社概要","ボタン","/news","ウェブアドレス","会社情報","131","1","0.8%"
"TOP","ボタン","/project/case-010","ウェブアドレス","ホーム","10","1","10%"
"< Back","ボタン","/news/elithがai博覧会osaka-2025に登壇・出展します","ウェブアドレス","https://www.elith.ai/news","1","1","100%"
"n_a","画像","/news","ウェブアドレス","https://www.elith.ai/news/elithがオフィス移転パーティー開催決定！-","131","1","0.8%"
